2021 Pinewood Climber CARBON 27.5,Complete bicycle unit — 2021 Pinewood Climber CARBON 27.5,https://i.pinimg.com/1200x/a6/d1/75/a6d17550105e21c515885ea7427eb2fc.jpg
Cult Odyssey Hydro Brakes 27.5,Complete bicycle unit — Cult Odyssey Hydro Brakes 27.5,https://images.unsplash.com/photo-1485965120184-e220f721d03e?q=80&w=1170&auto=format&fit=crop&ixlib=rb-4.1.0&ixid=M3wxMjA3fDB8MHxwaG90by1wYWdlfHx8fGVufDB8fHx8fA%3D%3D
Toseek Chester 700c Disc Brake ALLOY (2x9),Complete bicycle unit — Toseek Chester 700c Disc Brake ALLOY (2x9),https://images.unsplash.com/photo-1532298229144-0ec0c57515c7?q=80&w=1122&auto=format&fit=crop&ixlib=rb-4.1.0&ixid=M3wxMjA3fDB8MHxwaG90by1wYWdlfHx8fGVufDB8fHx8fA%3D%3D
Ryder X3 27.5 2021 MT200 Hydro Brakes (3x8),Complete bicycle unit — Ryder X3 27.5 2021 MT200 Hydro Brakes (3x8),https://storage.googleapis.com/taurus-product-images/products/unit/unit-004.webp
Pinewood Trident Flux,Complete bicycle unit — Pinewood Trident Flux,https://storage.googleapis.com/taurus-product-images/products/unit/unit-005.webp
Garuda Rampage,Complete bicycle unit — Garuda Rampage,https://storage.googleapis.com/taurus-product-images/products/unit/unit-006.webp
Pinewood Challenger,Complete bicycle unit — Pinewood Challenger,https://storage.googleapis.com/taurus-product-images/products/unit/unit-007.webp
Kespor Stork Feather CX 1.0 2022,Complete bicycle unit — Kespor Stork Feather CX 1.0 2022,https://storage.googleapis.com/taurus-product-images/products/unit/unit-008.webp
Pinewood Lancer 1.0 2022 Gravel RX (2x9),Complete bicycle unit — Pinewood Lancer 1.0 2022 Gravel RX (2x9),https://storage.googleapis.com/taurus-product-images/products/unit/unit-009.webp
ELVES NANDOR,Bicycle frameset — ELVES NANDOR,https://storage.googleapis.com/taurus-product-images/products/frame/frame-001.webp
Ryder X2,Bicycle frameset — Ryder X2,https://storage.googleapis.com/taurus-product-images/products/frame/frame-002.webp
MountainPeak Monster,Bicycle frameset — MountainPeak Monster,https://storage.googleapis.com/taurus-product-images/products/frame/frame-003.webp
Mountainpeak Everest 2,Bicycle frameset — Mountainpeak Everest 2,https://storage.googleapis.com/taurus-product-images/products/frame/frame-004.webp
Specialized Stumpjumper,Bicycle frameset — Specialized Stumpjumper,https://storage.googleapis.com/taurus-product-images/products/frame/frame-005.webp
Weapon Stealth 29,Bicycle frameset — Weapon Stealth 29,https://storage.googleapis.com/taurus-product-images/products/frame/frame-006.webp
Weapon Spartan 29,Bicycle frameset — Weapon Spartan 29,https://storage.googleapis.com/taurus-product-images/products/frame/frame-007.webp
Saturn Calypso,Bicycle frameset — Saturn Calypso,https://storage.googleapis.com/taurus-product-images/products/frame/frame-008.webp
Saturn Dione,Bicycle frameset — Saturn Dione,https://storage.googleapis.com/taurus-product-images/products/frame/frame-009.webp
Sagmit Chaser,Bicycle frameset — Sagmit Chaser,https://storage.googleapis.com/taurus-product-images/products/frame/frame-010.webp
COLE NX 27.5 TRI-FACTOR 2021,Bicycle frameset — COLE NX 27.5 TRI-FACTOR 2021,https://storage.googleapis.com/taurus-product-images/products/frame/frame-011.webp
Speedone Floater BOOST,Bicycle frameset — Speedone Floater BOOST,https://storage.googleapis.com/taurus-product-images/products/frame/frame-012.webp
Aeroic AIR FORK,Suspension/rigid fork — Aeroic AIR FORK,https://storage.googleapis.com/taurus-product-images/products/fork/fork-001.webp
Weapon Cannon35 BOOST,Suspension/rigid fork — Weapon Cannon35 BOOST,https://storage.googleapis.com/taurus-product-images/products/fork/fork-002.webp
Weapon Rifle,Suspension/rigid fork — Weapon Rifle,https://storage.googleapis.com/taurus-product-images/products/fork/fork-003.webp
Weapon Rocket,Suspension/rigid fork — Weapon Rocket,https://storage.googleapis.com/taurus-product-images/products/fork/fork-004.webp
Fork Weapon Tower,Suspension/rigid fork — Fork Weapon Tower,https://storage.googleapis.com/taurus-product-images/products/fork/fork-005.webp
Speedone Soldier BOOST,Suspension/rigid fork — Speedone Soldier BOOST,https://storage.googleapis.com/taurus-product-images/products/fork/fork-006.webp
Manitou Markhor BOOST,Suspension/rigid fork — Manitou Markhor BOOST,https://storage.googleapis.com/taurus-product-images/products/fork/fork-007.webp
Manitou Machete Comp BOOST,Suspension/rigid fork — Manitou Machete Comp BOOST,https://storage.googleapis.com/taurus-product-images/products/fork/fork-008.webp
Manitou Mattoc Comp Boost,Suspension/rigid fork — Manitou Mattoc Comp Boost,https://storage.googleapis.com/taurus-product-images/products/fork/fork-009.webp
SR Suntour Epixon Stealth,Suspension/rigid fork — SR Suntour Epixon Stealth,https://storage.googleapis.com/taurus-product-images/products/fork/fork-010.webp
SR Suntour Raidon BOOST,Suspension/rigid fork — SR Suntour Raidon BOOST,https://storage.googleapis.com/taurus-product-images/products/fork/fork-011.webp
SR Suntour XCR 32 BOOST,Suspension/rigid fork — SR Suntour XCR 32 BOOST,https://storage.googleapis.com/taurus-product-images/products/fork/fork-012.webp
LDCNC 3.0,Wheel hub set — LDCNC 3.0,https://storage.googleapis.com/taurus-product-images/products/hub/hub-001.webp
SpeedOne Soldier BOOST,Wheel hub set — SpeedOne Soldier BOOST,https://storage.googleapis.com/taurus-product-images/products/hub/hub-002.webp
Genova Big Dipper,Wheel hub set — Genova Big Dipper,https://storage.googleapis.com/taurus-product-images/products/hub/hub-003.webp
Weapon Animal,Wheel hub set — Weapon Animal,https://storage.googleapis.com/taurus-product-images/products/hub/hub-004.webp
Sagmit EVO3,Wheel hub set — Sagmit EVO3,https://storage.googleapis.com/taurus-product-images/products/hub/hub-005.webp
Ragusa R100,Wheel hub set — Ragusa R100,https://storage.googleapis.com/taurus-product-images/products/hub/hub-006.webp
SpeedOne Soldier,Wheel hub set — SpeedOne Soldier,https://storage.googleapis.com/taurus-product-images/products/hub/hub-007.webp
SpeedOne Pilot Carbon,Wheel hub set — SpeedOne Pilot Carbon,https://storage.googleapis.com/taurus-product-images/products/hub/hub-008.webp
SpeedOne Torpedo,Wheel hub set — SpeedOne Torpedo,https://storage.googleapis.com/taurus-product-images/products/hub/hub-009.webp
Origin8 NON BOOST,Wheel hub set — Origin8 NON BOOST,https://storage.googleapis.com/taurus-product-images/products/hub/hub-010.webp
Sagmit edison 12spd up kit,Drivetrain upgrade kit — Sagmit edison 12spd up kit,https://storage.googleapis.com/taurus-product-images/products/upgkit/upgkit-001.webp
12spd LTwoo AX Upkit with IXF crank,Drivetrain upgrade kit — 12spd LTwoo AX Upkit with IXF crank,https://storage.googleapis.com/taurus-product-images/products/upgkit/upgkit-002.webp
Deore M6100 12spd Upkit with Weapon Cogs,Drivetrain upgrade kit — Deore M6100 12spd Upkit with Weapon Cogs,https://storage.googleapis.com/taurus-product-images/products/upgkit/upgkit-003.webp
ZEE M640 10spd Upkit,Drivetrain upgrade kit — ZEE M640 10spd Upkit,https://storage.googleapis.com/taurus-product-images/products/upgkit/upgkit-004.webp
SRAM NX Eagle 12spd WITH BB,Drivetrain upgrade kit — SRAM NX Eagle 12spd WITH BB,https://storage.googleapis.com/taurus-product-images/products/upgkit/upgkit-005.webp
Handle Post Controltech ONE,Handlebar stem / seatpost — Handle Post Controltech ONE,https://storage.googleapis.com/taurus-product-images/products/stem/stem-001.webp
HandlePost ControlTech,Handlebar stem / seatpost — HandlePost ControlTech,https://storage.googleapis.com/taurus-product-images/products/stem/stem-002.webp
SeatPost ControlTech ONE,Handlebar stem / seatpost — SeatPost ControlTech ONE,https://storage.googleapis.com/taurus-product-images/products/stem/stem-003.webp
HandlePost ControlTech CLS,Handlebar stem / seatpost — HandlePost ControlTech CLS,https://storage.googleapis.com/taurus-product-images/products/stem/stem-004.webp
Weapon Fury stem,Handlebar stem / seatpost — Weapon Fury stem,https://storage.googleapis.com/taurus-product-images/products/stem/stem-005.webp
Weapon Ambush Stem,Handlebar stem / seatpost — Weapon Ambush Stem,https://storage.googleapis.com/taurus-product-images/products/stem/stem-006.webp
Weapon Savage Stem,Handlebar stem / seatpost — Weapon Savage Stem,https://storage.googleapis.com/taurus-product-images/products/stem/stem-007.webp
Weapon Beast Stem,Handlebar stem / seatpost — Weapon Beast Stem,https://storage.googleapis.com/taurus-product-images/products/stem/stem-008.webp
Weapon Animal Stem,Handlebar stem / seatpost — Weapon Animal Stem,https://storage.googleapis.com/taurus-product-images/products/stem/stem-009.webp
Weapon Predator Stem,Handlebar stem / seatpost — Weapon Predator Stem,https://storage.googleapis.com/taurus-product-images/products/stem/stem-010.webp
Handle Bar Pro LT,Handlebar — Handle Bar Pro LT,https://storage.googleapis.com/taurus-product-images/products/hbar/hbar-001.webp
Handle Bar Pro Koryak,Handlebar — Handle Bar Pro Koryak,https://storage.googleapis.com/taurus-product-images/products/hbar/hbar-002.webp
Drop Bar Gravel Pro LT,Handlebar — Drop Bar Gravel Pro LT,https://storage.googleapis.com/taurus-product-images/products/hbar/hbar-003.webp
Drop Bar Gravel Pro Discovery,Handlebar — Drop Bar Gravel Pro Discovery,https://storage.googleapis.com/taurus-product-images/products/hbar/hbar-004.webp
Answer ProTaper 20x20,Handlebar — Answer ProTaper 20x20,https://storage.googleapis.com/taurus-product-images/products/hbar/hbar-005.webp
Answer ProTaper,Handlebar — Answer ProTaper,https://storage.googleapis.com/taurus-product-images/products/hbar/hbar-006.webp
Answer ProTaper 7050 series Aluminum,Handlebar — Answer ProTaper 7050 series Aluminum,https://storage.googleapis.com/taurus-product-images/products/hbar/hbar-007.webp
Sagmit Brooklyn 3.0,Handlebar — Sagmit Brooklyn 3.0,https://storage.googleapis.com/taurus-product-images/products/hbar/hbar-008.webp
Sagmit shadow,Handlebar — Sagmit shadow,https://storage.googleapis.com/taurus-product-images/products/hbar/hbar-009.webp
Sagmit Static,Handlebar — Sagmit Static,https://storage.googleapis.com/taurus-product-images/products/hbar/hbar-010.webp
Sagmit RedClassic skull,Bicycle saddle — Sagmit RedClassic skull,https://storage.googleapis.com/taurus-product-images/products/saddle/saddle-001.webp
Genova Jupiter,Bicycle saddle — Genova Jupiter,https://storage.googleapis.com/taurus-product-images/products/saddle/saddle-002.webp
Giant w/o Hole,Bicycle saddle — Giant w/o Hole,https://storage.googleapis.com/taurus-product-images/products/saddle/saddle-003.webp
Giant with Hole,Bicycle saddle — Giant with Hole,https://storage.googleapis.com/taurus-product-images/products/saddle/saddle-004.webp
Ragusa R-100,Bicycle saddle — Ragusa R-100,https://storage.googleapis.com/taurus-product-images/products/saddle/saddle-005.webp
Topgrade,Bicycle saddle — Topgrade,https://storage.googleapis.com/taurus-product-images/products/saddle/saddle-006.webp
Diamond,Bicycle saddle — Diamond,https://storage.googleapis.com/taurus-product-images/products/saddle/saddle-007.webp
San Marco,Bicycle saddle — San Marco,https://storage.googleapis.com/taurus-product-images/products/saddle/saddle-008.webp
Velo Plush,Bicycle saddle — Velo Plush,https://storage.googleapis.com/taurus-product-images/products/saddle/saddle-009.webp
Sagmit Oilslick,Bicycle saddle — Sagmit Oilslick,https://storage.googleapis.com/taurus-product-images/products/saddle/saddle-010.webp
Genova Mars,Bicycle saddle — Genova Mars,https://storage.googleapis.com/taurus-product-images/products/saddle/saddle-011.webp
Specialized Black,Bicycle saddle — Specialized Black,https://storage.googleapis.com/taurus-product-images/products/saddle/saddle-012.webp
Specialized M811,Bicycle saddle — Specialized M811,https://storage.googleapis.com/taurus-product-images/products/saddle/saddle-013.webp
Easydo ES-01,Bicycle saddle — Easydo ES-01,https://storage.googleapis.com/taurus-product-images/products/saddle/saddle-014.webp
Silicon Grip Seer 5mm,Handlebar grip / bar tape — Silicon Grip Seer 5mm,https://storage.googleapis.com/taurus-product-images/products/grip/grip-001.webp
Seer Polymer Bartape,Handlebar grip / bar tape — Seer Polymer Bartape,https://storage.googleapis.com/taurus-product-images/products/grip/grip-002.webp
Silicon Grip Seer 7mm,Handlebar grip / bar tape — Silicon Grip Seer 7mm,https://storage.googleapis.com/taurus-product-images/products/grip/grip-003.webp
Seer Art Racing Edition BarTape,Handlebar grip / bar tape — Seer Art Racing Edition BarTape,https://storage.googleapis.com/taurus-product-images/products/grip/grip-004.webp
Seer SILICON Hornet Bar Tape,Handlebar grip / bar tape — Seer SILICON Hornet Bar Tape,https://storage.googleapis.com/taurus-product-images/products/grip/grip-005.webp
Seer POLYMER Hornet Bar Tape,Handlebar grip / bar tape — Seer POLYMER Hornet Bar Tape,https://storage.googleapis.com/taurus-product-images/products/grip/grip-006.webp
Seer Super Lite Bar tape,Handlebar grip / bar tape — Seer Super Lite Bar tape,https://storage.googleapis.com/taurus-product-images/products/grip/grip-007.webp
Handle Grip Attack Dual Lock-On,Handlebar grip / bar tape — Handle Grip Attack Dual Lock-On,https://storage.googleapis.com/taurus-product-images/products/grip/grip-008.webp
Weapon Race w/ Palm Rest,Handlebar grip / bar tape — Weapon Race w/ Palm Rest,https://storage.googleapis.com/taurus-product-images/products/grip/grip-009.webp
Weapon Rubix,Handlebar grip / bar tape — Weapon Rubix,https://storage.googleapis.com/taurus-product-images/products/grip/grip-010.webp
Weapon Wave,Handlebar grip / bar tape — Weapon Wave,https://storage.googleapis.com/taurus-product-images/products/grip/grip-011.webp
Speedone Soldier,Bicycle pedal set — Speedone Soldier,https://storage.googleapis.com/taurus-product-images/products/pedal/pedal-001.webp
Speedone Pilot,Bicycle pedal set — Speedone Pilot,https://storage.googleapis.com/taurus-product-images/products/pedal/pedal-002.webp
Pedal Sagmit 610,Bicycle pedal set — Pedal Sagmit 610,https://storage.googleapis.com/taurus-product-images/products/pedal/pedal-003.webp
Pedal Sagmit 614,Bicycle pedal set — Pedal Sagmit 614,https://storage.googleapis.com/taurus-product-images/products/pedal/pedal-004.webp
Ragusa R700,Bicycle pedal set — Ragusa R700,https://storage.googleapis.com/taurus-product-images/products/pedal/pedal-005.webp
Ragusa CNC Sealed Bearing 712,Bicycle pedal set — Ragusa CNC Sealed Bearing 712,https://storage.googleapis.com/taurus-product-images/products/pedal/pedal-006.webp
Sagmit 622 CNC Sealed Bearing,Bicycle pedal set — Sagmit 622 CNC Sealed Bearing,https://storage.googleapis.com/taurus-product-images/products/pedal/pedal-007.webp
Sagmit 618 CNC Sealed Bearing,Bicycle pedal set — Sagmit 618 CNC Sealed Bearing,https://storage.googleapis.com/taurus-product-images/products/pedal/pedal-008.webp
MKS JAPAN GR-9,Bicycle pedal set — MKS JAPAN GR-9,https://storage.googleapis.com/taurus-product-images/products/pedal/pedal-009.webp
MKS Sylvan Touring,Bicycle pedal set — MKS Sylvan Touring,https://storage.googleapis.com/taurus-product-images/products/pedal/pedal-010.webp
MKS BM7,Bicycle pedal set — MKS BM7,https://storage.googleapis.com/taurus-product-images/products/pedal/pedal-011.webp
LDCNC RS300 700c Rim Brake,Rim / wheelset — LDCNC RS300 700c Rim Brake,https://storage.googleapis.com/taurus-product-images/products/rim/rim-001.webp
Sagmit Aero,Rim / wheelset — Sagmit Aero,https://storage.googleapis.com/taurus-product-images/products/rim/rim-002.webp
Sagmit Legend M32,Rim / wheelset — Sagmit Legend M32,https://storage.googleapis.com/taurus-product-images/products/rim/rim-003.webp
Kore Realm 4.2,Rim / wheelset — Kore Realm 4.2,https://storage.googleapis.com/taurus-product-images/products/rim/rim-004.webp
WTB i21 Tubeless Ready,Rim / wheelset — WTB i21 Tubeless Ready,https://storage.googleapis.com/taurus-product-images/products/rim/rim-005.webp
WTB i25 Tubeless Ready,Rim / wheelset — WTB i25 Tubeless Ready,https://storage.googleapis.com/taurus-product-images/products/rim/rim-006.webp
American Classic Feldspar 290 Tubeless Ready,Rim / wheelset — American Classic Feldspar 290 Tubeless Ready,https://storage.googleapis.com/taurus-product-images/products/rim/rim-007.webp
Jalco Wellington Tubeless Ready,Rim / wheelset — Jalco Wellington Tubeless Ready,https://storage.googleapis.com/taurus-product-images/products/rim/rim-008.webp
Speedone Pilot,Rim / wheelset — Speedone Pilot,https://storage.googleapis.com/taurus-product-images/products/rim/rim-009.webp
Speedone Bazooka,Rim / wheelset — Speedone Bazooka,https://storage.googleapis.com/taurus-product-images/products/rim/rim-010.webp
Speedone Soldier,Rim / wheelset — Speedone Soldier,https://storage.googleapis.com/taurus-product-images/products/rim/rim-011.webp
Sagmit Safarri,Rim / wheelset — Sagmit Safarri,https://storage.googleapis.com/taurus-product-images/products/rim/rim-012.webp
Jalco Maranello,Rim / wheelset — Jalco Maranello,https://storage.googleapis.com/taurus-product-images/products/rim/rim-013.webp
Kore Realm 2.4,Rim / wheelset — Kore Realm 2.4,https://storage.googleapis.com/taurus-product-images/products/rim/rim-014.webp
Maxxis Ikon 27.5 x 2.20 Tanwall,Bicycle tire or tube — Maxxis Ikon 27.5 x 2.20 Tanwall,https://storage.googleapis.com/taurus-product-images/products/tire/tire-001.webp
Maxxis Ardent 29 x 2.25 Tanwall,Bicycle tire or tube — Maxxis Ardent 29 x 2.25 Tanwall,https://storage.googleapis.com/taurus-product-images/products/tire/tire-002.webp
Maxxis Ikon 29 x 2.20,Bicycle tire or tube — Maxxis Ikon 29 x 2.20,https://storage.googleapis.com/taurus-product-images/products/tire/tire-003.webp
Maxxis Crossmark II 27.5 x 2.25,Bicycle tire or tube — Maxxis Crossmark II 27.5 x 2.25,https://storage.googleapis.com/taurus-product-images/products/tire/tire-004.webp
Maxxis Ikon 29 x 2.20 Tanwall,Bicycle tire or tube — Maxxis Ikon 29 x 2.20 Tanwall,https://storage.googleapis.com/taurus-product-images/products/tire/tire-005.webp
Maxxis Rekon Race 27.5 x 2.25,Bicycle tire or tube — Maxxis Rekon Race 27.5 x 2.25,https://storage.googleapis.com/taurus-product-images/products/tire/tire-006.webp
Maxxis Ardent 27.5 x 2.25,Bicycle tire or tube — Maxxis Ardent 27.5 x 2.25,https://storage.googleapis.com/taurus-product-images/products/tire/tire-007.webp
Maxxis Ardent Race 27.5 x 2.20,Bicycle tire or tube — Maxxis Ardent Race 27.5 x 2.20,https://storage.googleapis.com/taurus-product-images/products/tire/tire-008.webp
MAXXIS TUBE,Bicycle tire or tube — MAXXIS TUBE,https://storage.googleapis.com/taurus-product-images/products/tire/tire-009.webp
SAGMIT TUBE,Bicycle tire or tube — SAGMIT TUBE,https://storage.googleapis.com/taurus-product-images/products/tire/tire-010.webp
SIZE 20 LEO TUBE,Bicycle tire or tube — SIZE 20 LEO TUBE,https://storage.googleapis.com/taurus-product-images/products/tire/tire-011.webp
SIZE 26 LEO TUBE,Bicycle tire or tube — SIZE 26 LEO TUBE,https://storage.googleapis.com/taurus-product-images/products/tire/tire-012.webp
SIZE 20 TIRE,Bicycle tire or tube — SIZE 20 TIRE,https://storage.googleapis.com/taurus-product-images/products/tire/tire-013.webp
SIZE 16 TIRE,Bicycle tire or tube — SIZE 16 TIRE,https://storage.googleapis.com/taurus-product-images/products/tire/tire-014.webp
SIZE 16 TUBE,Bicycle tire or tube — SIZE 16 TUBE,https://storage.googleapis.com/taurus-product-images/products/tire/tire-015.webp
8 SPEED SUMC CP With Missing link,Bicycle chain — 8 SPEED SUMC CP With Missing link,https://storage.googleapis.com/taurus-product-images/products/chain/chain-001.webp
9 SPEED SUMC CP With Missing link,Bicycle chain — 9 SPEED SUMC CP With Missing link,https://storage.googleapis.com/taurus-product-images/products/chain/chain-002.webp
10 SPEED SUMC CP With Missing link,Bicycle chain — 10 SPEED SUMC CP With Missing link,https://storage.googleapis.com/taurus-product-images/products/chain/chain-003.webp
11 SPEED SUMC CP With Missing link,Bicycle chain — 11 SPEED SUMC CP With Missing link,https://storage.googleapis.com/taurus-product-images/products/chain/chain-004.webp
12 SPEED SUMC CP With Missing link,Bicycle chain — 12 SPEED SUMC CP With Missing link,https://storage.googleapis.com/taurus-product-images/products/chain/chain-005.webp
8 SPEED SUMC Oilslick 116Links With Missing link,Bicycle chain — 8 SPEED SUMC Oilslick 116Links With Missing link,https://storage.googleapis.com/taurus-product-images/products/chain/chain-006.webp
10 SPEED SUMC Oilslick 116Links With Missing link,Bicycle chain — 10 SPEED SUMC Oilslick 116Links With Missing link,https://storage.googleapis.com/taurus-product-images/products/chain/chain-007.webp
11 SPEED SUMC Oilslick 116Links With Missing link,Bicycle chain — 11 SPEED SUMC Oilslick 116Links With Missing link,https://storage.googleapis.com/taurus-product-images/products/chain/chain-008.webp
12SPD KMC Chain X Series GREY,Bicycle chain — 12SPD KMC Chain X Series GREY,https://storage.googleapis.com/taurus-product-images/products/chain/chain-009.webp
11SPD KMC Chain X Series GREY,Bicycle chain — 11SPD KMC Chain X Series GREY,https://storage.googleapis.com/taurus-product-images/products/chain/chain-010.webp
10SPD KMC Chain X Series GREY,Bicycle chain — 10SPD KMC Chain X Series GREY,https://storage.googleapis.com/taurus-product-images/products/chain/chain-011.webp
9SPD KMC Chain X Series GOLD,Bicycle chain — 9SPD KMC Chain X Series GOLD,https://storage.googleapis.com/taurus-product-images/products/chain/chain-012.webp
10SPD KMC Chain X Series GOLD,Bicycle chain — 10SPD KMC Chain X Series GOLD,https://storage.googleapis.com/taurus-product-images/products/chain/chain-013.webp
12SPD KMC Chain X Series GOLD,Bicycle chain — 12SPD KMC Chain X Series GOLD,https://storage.googleapis.com/taurus-product-images/products/chain/chain-014.webp
CT-1HX 116links Heavy Duty for FIXIE,Bicycle chain — CT-1HX 116links Heavy Duty for FIXIE,https://storage.googleapis.com/taurus-product-images/products/chain/chain-015.webp
GT-10 126links,Bicycle chain — GT-10 126links,https://storage.googleapis.com/taurus-product-images/products/chain/chain-016.webp
GT-11 126links,Bicycle chain — GT-11 126links,https://storage.googleapis.com/taurus-product-images/products/chain/chain-017.webp
